id,title,image
1,Shawhuwa Womens Pants Jogger Sweatpants Casual Loose Drawstring Waist Jogging Pants with Pockets,https://m.media-amazon.com/images/I/61fiEM4ySNL._AC_UY741_.jpg
2,Atronele Women's Joggers with Pockets Ultra Soft Lightweight Yoga Sweatpants Drawstring Athletic Workout Track Pants,https://m.media-amazon.com/images/I/61edy+7rLNL._AC_UY741_.jpg
3,Annenmy Sweatpants for Women-Lightweight Loose Fit Women's Jogger Yoga Pants with Pockets-Lounge Pants,https://m.media-amazon.com/images/I/617v6P8YL4L._AC_UY741_.jpg
4,NYDJ Women's Teresa Trouser Jeans-Premium Denim,https://m.media-amazon.com/images/I/71A3flQY7yL._AC_UY741_.jpg
5,Lucky Brand Women's Long Sleeve Button Up Camo Printed Utility Jacket,https://m.media-amazon.com/images/I/91RN5keEWOL._AC_UX569_.jpg
6,SUEANI Women's Blouse Tops Loose V Neck 3/4 Bell Sleeve Shirt,https://m.media-amazon.com/images/I/71m75spEV4S._AC_UY741_.jpg
7,ThCreasa Womens Boho Floral Print High Waisted Wrap Skirts Ruffle Hem Tie Knot Summer Chiffon Flowy Midi Skirts,https://m.media-amazon.com/images/I/81ZL4iO3AGL._AC_UY741_.jpg
8,AMERICANINO Men's Mid Rise Modern Regular-Straight Fit Jeans Stretch Bootcut Five Pocket Denim Pants,https://m.media-amazon.com/images/I/51COT8sS79L._AC_UY741_.jpg
9,ALPINE NORTH Mens Vegan Down Winter Puffer Coat,https://m.media-amazon.com/images/I/71XLGh3B+VL._AC_UY741_.jpg
10,Gertamoria Tennis Skirts for Women with Pockets High Waisted Golf Skirts Workout Active Athletic Skort Skirt,https://m.media-amazon.com/images/I/61n87w8JEqL._AC_UX569_.jpg
11,Viodia Golf Skorts Skirts for Women with Pockets Women's High Waist Hiking Skirt Athletic Tennis Skort for Summer Casual,https://m.media-amazon.com/images/I/71BpGHeyJvL._AC_SY741._SX._UX._SY._UY_.jpg
12,Women Floral Mini Dress Sexy V Neck Ruffle Flutter Sleeve Polka Dot Summer Dresses,https://m.media-amazon.com/images/I/61HhTUIi3gL._AC_UX569_.jpg
13,Womens Summer Dresses Casual Boho Smocked Ruffle Sun Beach Babydoll Mini Dress Layered Flowy Swing Dress,https://m.media-amazon.com/images/I/61tz-0VX+IS._AC_UX569_.jpg